﻿{"cameraMode":{"drawMode":0,"name":"Shaded","section":"Shading Mode"},"sceneLighting":true,"audioPlay":false,"sceneViewState":{"m_AlwaysRefresh":false,"showFog":true,"showSkybox":true,"showFlares":true,"showImageEffects":true,"showParticleSystems":true,"showVisualEffectGraphs":true,"m_FxEnabled":true},"in2DMode":false,"pivot":{"x":11.060462951660157,"y":2.4394733905792238,"z":-5.823501110076904},"rotation":{"x":-0.17603367567062379,"y":0.4872629642486572,"z":-0.10089576244354248,"w":-0.8494086265563965},"size":15.091836929321289,"orthographic":false}